{"cameraMode":{"drawMode":0,"name":"Shaded","section":"Shading Mode"},"sceneLighting":false,"audioPlay":false,"sceneViewState":{"m_AlwaysRefresh":false,"showFog":true,"showSkybox":true,"showFlares":true,"showImageEffects":true,"showParticleSystems":true,"showVisualEffectGraphs":true,"m_FxEnabled":true},"in2DMode":false,"pivot":{"x":0.9503350257873535,"y":1.4910409450531006,"z":0.6594514846801758},"rotation":{"x":-0.10533329844474793,"y":0.8943997621536255,"z":-0.3187081515789032,"w":-0.2955998480319977},"size":2.9702072143554689,"orthographic":false}