{"cameraMode":{"drawMode":0,"name":"Shaded","section":"Shading Mode"},"sceneLighting":false,"audioPlay":false,"sceneViewState":{"m_AlwaysRefresh":false,"showFog":false,"showSkybox":false,"showFlares":false,"showImageEffects":false,"showParticleSystems":false,"showVisualEffectGraphs":true,"m_FxEnabled":true},"in2DMode":false,"pivot":{"x":5.960464477539063e-8,"y":0.41214001178741457,"z":-0.016020387411117555},"rotation":{"x":0.000018492441085982136,"y":0.9998049736022949,"z":-0.019809376448392869,"w":-0.001793136354535818},"size":0.4990202486515045,"orthographic":false}