{"cameraMode":{"drawMode":0,"name":"Shaded","section":"Shading Mode"},"sceneLighting":false,"audioPlay":false,"sceneViewState":{"m_AlwaysRefresh":false,"showFog":true,"showSkybox":false,"showFlares":true,"showImageEffects":true,"showParticleSystems":true,"showVisualEffectGraphs":true,"m_FxEnabled":true},"in2DMode":false,"pivot":{"x":-1.7881393432617188e-7,"y":1.2364201545715333,"z":-0.34718573093414309},"rotation":{"x":-0.12290339916944504,"y":0.03869163990020752,"z":-0.004849132616072893,"w":-0.9916574954986572},"size":1.42546808719635,"orthographic":false}